first_name,last_name
Dyana,Sutton
Alejoa,Rillatt
Jean,Petrolli
Brandie,Egdal
Eve,Eagleton
Fletcher,Tresvina
Sigismund,Tieman
Alfie,Fylan
Corrie,Olenin
Tandi,Besantie
Celestia,Leavold
Delora,Bleddon
Damita,Calton
Alyse,Sickert
Elwira,Loveland
Rosalia,Ainger
Elga,Doubleday
Georges,Fisbburne
Abbi,Conws
Aleta,Doreward
Daisi,Munkley
Kettie,Worsnop
Thayne,Santo
Curran,Veelers
Arlina,Dudgeon
Giuseppe,Hindmoor
Sybil,Pilling
Eloise,Toffanini
Rici,Lightbourne
Paulina,Boggas
Mattie,Wheelton
Binni,Pengelley
Ellery,D'Errico
Dorothy,Atkinson
Lexis,Davidy
Mitch,Wylam
Keane,Antoniewski
Sonnie,Giraudeau
Gill,Blazeby
Shane,McKennan
Nora,Larret
Olivia,Gorger
Maurene,Krzysztof
Kingsly,Bernlin
Dur,Fenner
Bartram,Lilleyman
Kerk,Eicheler
Justis,Van Der Walt
Cal,Polgreen
Constantia,Spratley
Evey,Bartosik
Caroljean,Downage
Ilaire,Richmont
Yanaton,Itzhayek
Stella,Lansly
Quill,Murphy
Teresina,Antonat
Cristian,Clawley
Lissi,Andreacci
Cesaro,Blaymires
Cyrus,Ferrillo
Devlen,Isaac
Rhianon,Shemmans
Horatia,Alleyne
Mandy,Rolland
Karena,Ferns
Reid,Ledbetter
Rolf,Tunnadine
Patrica,MacCallam
Mela,Barg
Christoforo,Curton
Kerry,Parren
Anthiathia,Rupel
Aurel,Nunan
Harv,Stoacley
Ruthe,Mohan
Bartholomeo,Risby
Cassey,Darrach
Harp,Teall
Sunny,Johnston
Thaxter,Rotherforth
Brynne,Studdard
Augustine,Yarnley
Dill,O'Hearn
Ruddy,O' Donohue
Ricky,Swayton
Franklyn,Sizzey
Phillipp,Yantsurev
Carlee,Hansen
Ailey,Jochanany
Darren,McKeller
Jilli,Foli
Danica,Dalzell
Lawton,Hobbing
Lemmy,Hildred
Vinni,Tedman
Tracy,Clemenson
Trisha,Minett
Alon,Probart
Georgie,Adelsberg
Phaedra,Cottage
Chantal,Romney
Sharona,Stanfield
Tadio,Beardow
Kylie,Sweetman
Gan,Gornall
Fairleigh,Enstone
Leonore,Grishenkov
Devland,Luff
Norine,MacDwyer
Goraud,Rupprecht
Keri,Pfiffer
Lara,Pelos
Sydel,Fayers
Clarine,Lever
Anselma,Bowskill
Lek,Ragbourn
Marshal,Dellenbrok
Prescott,Meeson
Jandy,Cleaton
Eal,Kendred
Buiron,Iverson
Barthel,Rowden
Dorita,Golsby
Isabelle,Morgan
Kayla,Borlease
Aurea,Doorly
Ilario,Leydon
Enrico,Dimbleby
Celisse,Search
Edin,Hrinchenko
Tiffi,McMonnies
Xenia,Murr
Judas,Boswell
Matias,Ethington
Holly,McCrisken
Dorey,Standbrooke
Bernadina,Brooksbie
Pepe,Gainsburgh
Miner,Leacy
Roobbie,Binfield
Tobie,Hannon
Pavlov,Shoard
Cindie,Thorsen
Laurens,Gerrard
Ambrosio,Iddison
Delmor,Shackle
Ami,Maffucci
Thaddeus,Tebbs
Zorina,Deguara
Gabi,Fagan
Lodovico,Nickels
Kare,Truwert
Dani,Winteringham
Cully,Stather
Raddie,Taplow
Giacobo,Craze
Dorie,Carbry
Krystalle,Leathley
Harriett,Starzaker
Gasper,Babon
Herve,Mateja
Traver,McFadzean
Allistir,Showell
Corey,Happer
Janis,Mustard
Ethelind,Findley
Braden,Lutas
Jany,Keepin
Yvon,Gales
Gavin,Gilbody
Fairfax,MacGahey
Conney,Yarnton
Hodge,Trunks
Carie,Pulbrook
Latisha,Blumfield
Nefen,Lawther
Neilla,Antrobus
Eda,Hollidge
Pollyanna,Chrismas
Jen,Grene
Mar,Dawltrey
Gradeigh,Brendeke
Keri,Kenwright
Gabe,Filson
Briana,Mansell
Kelcey,Chessill
Curr,Pollock
Wayland,Culmer
Crista,Hanrott
Maybelle,Leipoldt
Alidia,Thieme
Nert,Adamik
Carmen,Arrell
Brianna,Saph
Shauna,O'Toole
Loree,De la Yglesias
Robbyn,Wiffen
Benedict,Kearle
Lorette,Logesdale
Roger,Tilt
Jourdain,Phippen
Ian,Bithell
Lonni,Galway
Pearla,Brower
Ashien,Glasheen
Hobey,Linnit
Tracy,Shorthouse
Kriste,Gunstone
Ade,Bowes
Waring,Bembrick
Dacey,Boodell
Kasper,Bartlosz
Danila,Gateshill
Dorie,Kilpin
Raymund,Aylwin
Flemming,Habin
Marleen,Brimilcome
Amerigo,Dunford
Kally,Cleife
Chalmers,Pears
Brooks,Yuryaev
Stoddard,Blackler
Gianni,Sudworth
Kelbee,Bernaciak
Holly,Wiersma
Hersh,Karolovsky
Mellie,Kingscote
Phillis,Aspel
Hadrian,Ghent
Ora,Sebley
Dennie,Lis
Svend,Hubert
Shauna,Kirsopp
Marve,Kynston
Nathanial,Scholig
Ricki,Screach
Archaimbaud,Purselowe
Omero,Branson
Rochell,Pallis
Nat,Bagwell
Kimberli,Bevens
Ely,Scibsey
Petra,Skill
Gerta,Hambatch
Temp,Crombleholme
Cal,Guidetti
Godwin,Gonsalvo
Dorolice,Shafier
Ara,Rassell
Heinrick,Duncan
Leigh,Castilljo
Loydie,McIlory
Fletch,O'Tuohy
Hadrian,Alenov
Randolph,Gages
Bink,Fancett
Georgeta,Schimoni
Chris,Prinne
Xymenes,Patton
Paulette,Benditt
Daryl,McKaile
Rodie,Readie
Corbett,Spilsbury
Philippe,Foxon
Sadie,Mulloch
Domini,Kirkam
Aloysius,Boram
Shelley,Pennetta
Josepha,Lerohan
Caressa,Schubart
Faber,Glas
Nara,Whisker
Romy,Cassedy
Alayne,Dummigan
Payton,Fossord
Gan,Goulthorp
Anna-diane,Colwill
Ruprecht,Basezzi
Zitella,Rikard
Elbertine,Haggard
Dagmar,Braithwait
Leela,Simkovich
Cyndi,Stenbridge
Addy,Delmage
Skylar,Greenhaugh
Bondon,Sussex
Rafaello,Antrag
Reamonn,Larkcum
Viv,Farrin
Zelig,Genny
Milton,Machans
Warren,Mabbutt
Emeline,McGenis
Vivi,Rozec
Charissa,Cliff
Fanchette,Coursor
Eadith,Skipp
Murial,Westerman
Collete,Ortes
Jeffrey,Tarbet
Heindrick,Hobble
Minette,Astin
Agnella,Perigeaux
Danella,Gilbart
Stanleigh,Leon
Taryn,Gilfoyle
Cynthea,Bowick
Hamlen,Clemenson
Hyacintha,Grogor
Heda,Geely
Tiphany,Ledgister
Cammi,Rasp
Lou,Warters
Romy,Dolligon
Marlo,Kingshott
Patty,Endrici
Georgeanne,Bau
Aldus,Whitters
Myrna,Lattimer
Annnora,Rey
Cornall,Iwaszkiewicz
Norry,Chansonnau
Munmro,O'Kane
Caryn,Trownson
Halsy,Sharland
Gretal,Dering
Wilhelmina,Eayrs
Clyde,Paulillo
Ranice,Shanklin
Damien,Alldread
Royal,Toppin
Gerianne,Truesdale
Indira,Reardon
Valencia,Morrallee
Phylys,Noot
Graham,Marshland
Theressa,Prattin
Ardene,Malim
Zelda,Brumwell
Frank,Heinrici
Kora,Spadazzi
Jarib,Fernier
Constantine,Shannahan
Anderson,Waddoups
Auberon,Schieferstein
Lexie,Hatchman
Skipp,Condliffe
Avram,Hedditch
Venus,Gaitone
Spence,Dufoure
Lavina,Brumbye
Ade,Agott
Boycie,Dowers
Pate,Okeshott
Aggi,McGowan
Ches,Bastie
Xylia,Shepheard
Robenia,McVitie
Rosemaria,Inglesent
Alvan,Tipperton
Malcolm,Crips
Micheal,Dove
Taffy,Sabate
Eudora,Aggio
Rooney,Feldklein
Melli,Kob
Fanchette,Onele
Kat,Craighall
Evonne,Mulhall
Dita,Vasilyev
Catharine,Curnucke
Cecilia,Cathee
Eustace,Klimontovich
Claudius,Kienle
Tanitansy,Cammoile
Mathian,Caughey
Laughton,Morat
Tamma,Grundon
Mavra,Stodart
Galvin,Slaughter
Maybelle,Borrow
Tildy,Yoslowitz
Manolo,Aimer
Artur,Elcock
Carroll,Gunson
Prissie,Botterman
Domenic,Devonside
Candra,Dodds
Damian,Casseldine
Christyna,Rankin
Eliza,Merit
Nessie,Leiden
Rickey,Casine
Samara,Vasyagin
Junette,Jolly
Paxon,Zucker
Mimi,Stening
Jill,Lavies
Deva,Janse
Sansone,Bartolomucci
Blake,Allsopp
Hallie,Cristofalo
Loralyn,McIlvenny
Durward,Pinsent
Cleon,Pringell
Mozelle,Hulles
Elva,Goublier
Bradan,Blodg
Kennith,Guerrero
Leeann,Wayte
Bunny,Cosin
Janeva,Stowell
Philis,Petyakov
Susan,Baszkiewicz
Florette,Matussevich
Jemmy,Frankcomb
Morry,Brightey
Fancie,Fogel
Quentin,Nanelli
Maye,Shadfourth
Mickey,Paulus
Kienan,Mapples
Clara,Berrick
Coralyn,Leitche
Kain,Carlon
Miguela,Bouldon
Norrie,Saban
Paola,Stanway
Hermione,Garlant
Maddalena,Butting
Odille,Ganniclifft
Hervey,Oxlee
Arleyne,Simonelli
Meara,Fillan
Benny,Loud
Yorker,Lomasna
Hillery,Croxon
Henrieta,Mouatt
Chelsea,Chivers
Maire,Epsly
Sile,Schaben
Dela,Fine
Keene,Theaker
Auberon,Date
Edgard,Drance
Ara,Bootland
Rudolph,Gorry
Monty,Asbury
Marcelia,Hiskey
Maggie,Tassaker
Gwyneth,Mincher
Fonsie,Rigden
Theodoric,Whaley
Luise,Ricart
Trude,McCully
Dominik,Perche
Mirelle,De Benedictis
Rriocard,McLukie
Lissi,Everiss
Cris,Couch
Domini,Imorts
Eziechiele,Tallet
Zuzana,Shwenn
Herminia,Warin
Maryellen,Pandey
Belita,Tejero
Jolie,Haccleton
Karin,Jacobowits
Aldus,Sturman
Cordi,Markwell
Elizabeth,Anespie
Jessika,Wilfling
Bernadina,Brittles
Jethro,Dufaur
Kory,Cowans
Jens,Browne
Antonina,Gowan
Darb,Kmiec
Elaine,Vinten
Peta,Give
Karly,Senn
Horst,Cock
Sabina,Goulbourne
Jena,Lorant
Reggi,Bearham
Rob,Beavon
Arturo,Mc Gee
Pippo,Mitchall
Tabbi,Loyns
Vlad,Digginson
Kacey,Shipman
Sheila,Smaling
Godfree,Stockhill
Granger,Leathwood
Gavrielle,Chartres
Robinia,Southway
Sheela,Wakeford
Torie,Shepstone
Miranda,Fidgeon
Edlin,Bartolic
Hugh,Seagrave
Gothart,Brand-Hardy
Tersina,Norcliff
Gusella,Townsley
Brade,Darlington
Cecilius,Yarranton
Linnea,Robertis
Wendy,Janaszkiewicz
Joana,O'Donnelly
Karyn,Francescotti
Anthia,Clouter
Golda,Middis
Piper,Wombwell
Denny,Gobat
Lombard,Soutter
Berkeley,Gaythwaite
Nap,Barr
Theresa,Housley
Bruno,Thominga
Kipp,Bewsy
Ree,Kinneally
Clarke,Tellesson
Delinda,Warfield
Ingunna,Beernt
Ivie,Corbet
Marianna,Portchmouth
Griffin,Mulles
Averil,Waison
Barth,McGurk
Aleen,McConaghy
Eada,Jeanequin
Ogdon,Double
Joye,MacGahy
Adolphus,Fawcitt
Maria,Spenton
Lew,Shilliday
Forester,Micah
Chan,McDonogh
Kristina,Sandon
Maybelle,Broe
Otha,McKim
Cullan,Heggison
Terence,Edgeson
Suzann,Mc Dermid
Connie,Denizet
Calypso,Ligerton
Erny,Haveline
Hollyanne,Woolley
Nickie,Pirnie
Glendon,Foli
Frederique,Christophle
Shelley,Ellgood
Amelina,Guillain
Hatti,McCafferty
Portia,Faragher
Cheryl,Carbonell
Patrizio,Teacy
Barnebas,Baguley
Keefe,Cashmore
Sally,Ivakhin
Mercy,Luetkemeyers
Benny,Manske
Randi,Arlet
Pier,Bingle
Viki,Droogan
Dev,Desmond
Hilda,Hebborn
Jillene,Capell
Mercy,Gowenlock
Daveen,Loyndon
Jaynell,Chown
Angeli,Blackaby
Cordelia,Mongain
Constancy,O'Mahoney
Elvina,Weyland
Talbot,Booth-Jarvis
Spence,Coast
Jeana,Shane
Arlyn,Tyhurst
Alastair,Cranmor
Shandee,Rawlcliffe
Towny,Town
Wynny,Gavrieli
Audrey,Dobby
Madeleine,Bysaker
Cleve,Sigfrid
Yanaton,Alliker
Sonny,Baumann
Towney,Righy
Daune,Rawls
Shayne,Baldocci
Halette,Hatliff
Luca,Benko
Law,Laborda
Orlando,Snadden
Nertie,Cullerne
Haydon,Gavey
Vivienne,de Marco
Dory,Screen
Donn,Shilling
Laurent,Goldster
Revkah,Eastcourt
Cy,McAline
Linn,Beddall
Freda,Roma
Bobbe,Boskell
Whit,Jedras
Darla,Minton
Chadwick,Arrighini
Janene,Dorsey
Deloris,Sute
Margarethe,Way
Joya,Stillgoe
Octavia,O'Hagan
Barret,Sussans
Tyrone,Bartoloma
Korrie,Hayward
Shell,Rispen
Cordi,Korba
Bennie,Flaunders
Sig,Sotworth
Kiri,Giacomuzzo
Vinita,MacGaffey
Chadwick,Naper
Nels,Andreichik
Glenine,Teliga
Powell,Conring
Alva,Somner
Orin,Bakhrushkin
Reyna,Scourgie
Rollin,Warcop
Kaiser,Cheale
Frazier,Dorey
Westbrooke,Beardwood
Dew,Rosie
Isaak,Pickless
Helga,Mickan
Nicholle,Carlin
Erma,Guerrazzi
Ashleigh,Skade
Janina,Elsegood
Colin,Sommerscales
Dela,Gouge
Olivia,Ligoe
Peyton,Bravery
Ernestine,Willison
Marilyn,Buckle
Daniella,Bradtke
Adele,Gilleson
Klaus,Sherer
Claudius,Incogna
Abra,Hauck
Francoise,Arrow
Lennard,Karmel
Krishnah,Lewin
Lenka,Bamlett
Joey,Bartalucci
Chen,Klassmann
Mel,Franzolini
Doralin,Reedick
Davide,Pierrepont
Andee,Twomey
Gloria,Fabbro
Sissy,Giercke
Marillin,Leguay
Garold,Pringell
Hyacinthie,Mellody
Alidia,Woodcroft
Jaquenette,Buzek
Margareta,Ingleston
Sheeree,Folland
Frayda,Huntly
Adaline,Ouver
Hyacinthia,Tures
Dermot,Daspar
Miof mela,Shadwick
Arlette,Fontaine
Omero,Edards
Hetty,Barwis
Germana,Brigshaw
Orin,Dursley
Anna,Spoor
Bessy,Willshere
Hamlin,Griffin
Julina,Duxbury
Fred,Boxhill
Aymer,Varsey
Colan,Oxby
Hersch,Wardingley
Gillian,Duhig
Gwenore,Eydel
Bronny,McKerron
Adolphe,Grece
Pall,Celand
Zacherie,Cranshaw
Orsa,Shellsheere
Edik,Eastope
Billy,Maytom
Colleen,Ubanks
Colline,Frood
Harmonia,Curtain
Mel,Lesmonde
Mikol,Denkin
Gerrie,Gunney
Yardley,Broster
Stirling,Carhart
Sharona,Hymus
Winston,Langer
Cesar,Newband
Osmond,Slyman
Ardys,Cranke
Tate,Hartropp
Harvey,Trorey
Dalt,Fincher
Bearnard,Trevaskiss
Jule,Paxman
Shamus,OIlier
Hedwig,Thickin
Nora,Drache
Cedric,Hanner
Bar,Kuzemka
Merna,Bolderoe
Calli,Iapico
Hillary,Cassin
Dewie,Perrelle
Mavis,Arndtsen
Zandra,Sumner
Torre,Alkin
Brendon,Dankov
Gilligan,Vondrasek
Arabel,Adelberg
Marcel,Charlson
Haily,Christall
Ford,Esser
Aldric,Autin
Thedrick,Merigot
Aura,Beart
Ynes,Woodrow
Mirabel,Petrovic
Danita,Spivie
Avictor,Titterington
Jone,Meco
Janka,Panner
Amby,Melsome
Natividad,Luttgert
Leta,Abrahm
Leonhard,Pinckard
Janaya,Chinn
Cathyleen,Reford
Ferdinande,Testin
Panchito,Wallwork
Wynne,Cuddihy
Ally,Giorgiutti
Tootsie,Balchen
Nancy,Florez
Gaye,Downham
Charmane,Forst
Dalton,Konmann
Orland,Kupper
Warden,Pridding
Mano,Bruff
Margaux,Jehu
Bearnard,Ygoe
Eliot,McLaren
Odette,Fulstow
Dannie,Usherwood
Mellisa,Horburgh
Nelly,Symmers
Sheba,Brennen
Hunter,Yanin
Bobbie,Chesley
Stanleigh,Summerfield
Jeannie,Feria
Kaye,Ridges
Brigid,Daudray
Anette,Murrigans
Nikoletta,Branscomb
Anjela,Batchellor
Jozef,Timny
Lorilee,Casari
Hamnet,Kruger
Nisse,MacCallum
Northrop,Hawney
Arne,Yallowley
Nanete,Kleine
Adan,Bechley
Euell,Jarrell
Grayce,Brittian
Niels,MacGee
Michele,Lavalde
Reece,Leng
Leonardo,Seekings
Trefor,Prater
Leilah,Timms
Ilise,Bester
Olin,Eastes
Sebastiano,Durtnal
Herold,Jozefiak
Reynolds,Ebanks
Rana,Grzegorzewski
Carlee,Masurel
Mike,Glazebrook
Corbet,Iacomelli
Shermie,Grisard
Berny,Lamort
Estele,Woolham
Nata,Grew
Lucine,Plumbridge
Ermina,Bresman
Gray,Scates
Moishe,Burriss
Freedman,Musto
Sutherland,Barmadier
Tiffy,Boate
Tripp,Forrington
Frances,Maskill
Rafi,Gabbotts
Phil,Danes
Avivah,Emeney
Boycie,Sibun
Rockie,Corder
Ambrosius,Broggio
Fannie,Marvelley
Tiffany,Hurst
Paule,Abraham
Ramon,Choak
Marabel,Roarty
Olivie,Bazire
Neala,Pottie
Anabal,Pancast
Joleen,Clowton
Bernie,Farrey
Ellynn,Maggi
Hilliary,Laslett
Rea,Sprosson
Donelle,Brigstock
Coralie,Bartolacci
Stanly,Marsland
Catina,Vlasenkov
Donall,Hallt
Annadiane,Gravett
Christen,Haythorne
Donelle,Boog
Carrol,Rich
Guido,Kondratyuk
Loella,Scarsbrick
Gigi,Silley
Fey,Chillingworth
Maynard,Agg
Zelma,Craythorn
Rowan,Kynastone
Duffie,Klewi
Helenka,Mabbett
Linnie,Hufton
Gibbie,Franzetti
Marice,Hewlings
Suzi,Piscot
Neale,Lillecrop
Cordy,Hollow
Dyan,Blackburne
Meryl,Swannack
Kirby,Goldstone
Saleem,Malbon
Tildy,Simonian
Timofei,Iacomini
Jayne,Buntine
Cornelius,Drillingcourt
Perice,Punchard
Deb,Bostock
Maud,Stennes
Bibi,Boots
Nikola,Mays
Brinna,Anlay
Hercules,Matyasik
Danyette,Conkie
Nial,Marthen
Donna,Kabos
Carly,Henriques
Logan,Heavens
Lockwood,Beney
Cart,Piell
Maura,Beaton
Lynett,Stutard
Sandra,Muckeen
Pearl,Lorek
Vickie,Rein
Dorice,Bratt
Nadya,Wearden
Adan,Miguel
Cosmo,Varfalameev
Scarlett,Kobierra
Lane,Gillam
Drona,Shatliffe
Jareb,Chazier
Christy,Ratt
Mureil,Goldsworthy
Silva,Henrique
Carole,McRoberts
Rebbecca,Ricci
Juline,Dougherty
Nicola,Edmands
Raviv,Satchel
Willi,Lennon
Ellery,Tempest
Casey,Sandham
Eleonora,Amorine
Shelia,Belden
Luis,Ledwith
Aleda,Roscam
Bordie,Haldane
Boycie,Rogister
Jessie,Dewane
Tracey,Chadwin
Delaney,Matuszkiewicz
Karim,Thursby
Celestine,Jess
Suzann,Ebi
Lizzy,Hendrickx
Karalee,Pickhaver
Tomas,Cuttelar
Morry,Quye
Glynn,Cheine
Johny,De Andreis
Trula,Emmines
Wendi,Albert
Bernadette,Abrahams
Vincenty,Cliff
Brittni,Leggan
Perla,Gallamore
Derrick,Jirick
Kristin,Caddy
Nara,Yirrell
Rozalin,Scryne
Astrix,Van der Kruijs
Chick,Alderwick
Sawyer,Sayce
Ancell,Harradence
Barry,Dyzart
Rica,Richardt
Nerita,Lamzed
Stevy,Huggon
Bellina,Edwins
Lilian,Mordey
Harris,Winkworth
Vlad,Vellden
Nadiya,Tattershaw
Beitris,Duckett
Blake,Brennenstuhl
Constance,Spendley
Grover,Lever
Janith,Smorthit
Lyman,Cowterd
Jessey,Muddle
Nance,Gant
Gillan,Jorry
Tallulah,Fassam
Willey,Gumley
Gaynor,Comfort
Wheeler,Bennoe
Sella,Harteley
Tatiana,O'Lenechan
Griffy,Innot
Phillip,Ivanichev
Petrina,Cowthard
Lukas,Grzelczak
Cassie,Bailess
Yanaton,Hammerich
Bess,Elsegood
Silas,Saunt
Earle,Alven
Aldwin,Hargreves
Ginni,Erbain
Dorothea,Irlam
Mike,Jopke
Amata,Lanmeid
Ellary,Absalom
Johny,Frays
Ado,Krystek
Hamnet,Rottcher
Evelyn,Fruchon
Linnea,Deeman
Maxwell,Beadell
Dominga,Crossgrove
Randi,Buddell
Conny,Swires
Mady,O'Grada
Nesta,Goodday
Winnifred,Gilhool
Ruprecht,Kemish
Jasper,Estrella
Yardley,Annott
Lynnell,Lapidus
Ianthe,Bleackley
Loy,Furman
Carole,Cesco
Alair,Hatchard
Graig,Thow
Kirby,Ainslee
Samantha,Huffa
